Recipe_Name,Ingredients,Label
Grilled Veggie Wrap,"bread, mustard seeds, pepper, poha, salt, tomato",Veg
Chicken Curry,"chicken, garlic, ginger, oil, onion, salt, spices, tomato",Non-Veg
Upma,"capsicum, curd, eggs, lemon juice, rajma, salt, yogurt",Non-Veg
Egg Curry,"eggs, garlic, ginger, oil, onion, spices, tomato",Non-Veg
Chicken Noodles,"curd, mustard seeds, oil, onion, rice, soy sauce, yogurt",Non-Veg
Chicken Curry,"chicken, garlic, ginger, oil, onion, salt, spices, tomato",Non-Veg
Chicken Soup,"bread, chicken, eggs, mushroom, oil, paneer, rajma",Non-Veg
Chicken Cutlet,"egg, green chili, oil, pepper, poha",Non-Veg
Poha,"curry leaves, green chili, lemon juice, mustard seeds, onion, poha, salt",Veg
Dal Tadka,"chicken, chole, egg, ginger, lemon juice, mustard seeds, oil, poha",Non-Veg
Fish Curry,"garlic, lemon juice, mayonnaise, oil, palak, paneer, poha, rajma",Non-Veg
Mutton Rogan Josh,"eggs, green chili, mushroom, onion, yogurt",Non-Veg
Vegetable Pasta,"capsicum, oil, onion, pasta, pepper, salt, tomato",Veg
Aloo Paratha,"bread, egg, green chili, palak, rice, salt, soy sauce",Non-Veg
Chicken Soup,"capsicum, garlic, lemon juice, pasta, pepper, rajma, rice, yogurt",Non-Veg
Tomato Soup,"butter, garlic, onion, pepper, salt, tomato",Veg
Aloo Paratha,"capsicum, lemon juice, mayonnaise, onion, soy sauce, spices",Veg
Palak Paneer,"garlic, onion, palak, paneer, salt, spices",Veg
Egg Fried Rice,"eggs, oil, pepper, rice, salt, soy sauce, spring onion",Non-Veg
Veg Biryani,"bread, butter, chole, green chili, onion, paneer",Veg
Butter Chicken,"chole, curd, mushroom, pasta, rice, salt, soy sauce, tomato",Non-Veg
Keema Pav,"chicken, green chili, lemon juice, mushroom, oil, palak, poha",Non-Veg
Chicken Noodles,"bread, butter, mayonnaise, paneer, pasta, spices",Non-Veg
Chicken Biryani,"biryani masala, chicken, onion, rice, spices, yogurt",Non-Veg
Mutton Rogan Josh,"capsicum, egg, ginger, green chili, mushroom, rajma",Non-Veg
Chicken Cutlet,"chicken, chole, eggs, oil, salt, soy sauce, yogurt",Non-Veg
Palak Paneer,"garlic, onion, palak, paneer, salt, spices",Veg
Chicken Biryani,"biryani masala, chicken, onion, rice, spices, yogurt",Non-Veg
Grilled Veggie Wrap,"curd, egg, lemon juice, onion, rajma, soy sauce, yogurt",Non-Veg
Bhindi Fry,"bread, mayonnaise, pasta, potato, spices",Veg
Palak Paneer,"garlic, onion, palak, paneer, salt, spices",Veg
Egg Fried Rice,"eggs, oil, pepper, rice, salt, soy sauce, spring onion",Non-Veg
Vegetable Pasta,"capsicum, oil, onion, pasta, pepper, salt, tomato",Veg
Bhindi Fry,"egg, green chili, mayonnaise, oil, pepper, rice, salt, yogurt",Non-Veg
Egg Curry,"eggs, garlic, ginger, oil, onion, spices, tomato",Non-Veg
Keema Pav,"butter, curd, paneer, potato, yogurt",Non-Veg
Palak Paneer,"garlic, onion, palak, paneer, salt, spices",Veg
Egg Bhurji,"mayonnaise, oil, paneer, pepper, poha",Non-Veg
Chicken Soup,"bread, butter, capsicum, lemon juice, oil, paneer, tomato",Non-Veg
Chicken Noodles,"bread, capsicum, chole, mayonnaise, onion, pepper, soy sauce, tomato",Non-Veg
Upma,"capsicum, lemon juice, poha, rajma, salt",Veg
Paneer Bhurji,"green chili, oil, onion, paneer, salt, spices, tomato",Veg
Grilled Veggie Wrap,"chicken, garlic, poha, potato, salt, spices, yogurt",Veg
Chicken Curry,"chicken, garlic, ginger, oil, onion, salt, spices, tomato",Non-Veg
Rajma,"butter, chicken, egg, mayonnaise, oil, onion, palak, rajma",Non-Veg
Mutton Rogan Josh,"bread, garlic, oil, pasta, rice, tomato",Non-Veg
Rajma,"capsicum, chicken, chole, egg, pasta, soy sauce",Non-Veg
Egg Fried Rice,"eggs, oil, pepper, rice, salt, soy sauce, spring onion",Non-Veg
Tomato Soup,"butter, garlic, onion, pepper, salt, tomato",Veg
Egg Bhurji,"chole, curd, egg, mushroom, mustard seeds, pepper",Non-Veg
Tomato Soup,"butter, garlic, onion, pepper, salt, tomato",Veg
Mutton Rogan Josh,"egg, ginger, lemon juice, pepper, poha, soy sauce, yogurt",Non-Veg
Prawn Masala,"capsicum, green chili, onion, palak, paneer, rice, yogurt",Non-Veg
Upma,"chicken, curd, egg, garlic, mustard seeds, paneer, rice",Non-Veg
Chicken Noodles,"chicken, garlic, mayonnaise, pepper, potato, tomato, yogurt",Non-Veg
Chicken Biryani,"biryani masala, chicken, onion, rice, spices, yogurt",Non-Veg
Dal Tadka,"bread, chicken, garlic, pasta, pepper, poha, potato",Veg
Vegetable Pulao,"capsicum, curd, mushroom, oil, paneer, pepper, salt, tomato",Veg
Chicken Cutlet,"curd, garlic, lemon juice, onion, potato, soy sauce",Non-Veg
Fish Curry,"bread, butter, chicken, chole, lemon juice, paneer, salt, tomato",Non-Veg
Chole,"chicken, eggs, green chili, mushroom, palak, pasta, rajma",Non-Veg
Chicken Cutlet,"bread, lemon juice, oil, onion, rice, soy sauce, spices, yogurt",Non-Veg
Chicken Cutlet,"capsicum, chole, curd, egg, potato, rajma, spices",Non-Veg
Grilled Veggie Wrap,"curd, lemon juice, mushroom, pasta, salt",Veg
Upma,"curd, egg, palak, paneer, pepper",Non-Veg
Mushroom Rice,"garlic, mushroom, oil, onion, pepper, rice, salt",Veg
Bhindi Fry,"chole, mushroom, oil, paneer, potato, rajma, soy sauce, spices",Veg
Egg Curry,"eggs, garlic, ginger, oil, onion, spices, tomato",Non-Veg
Egg Fried Rice,"eggs, oil, pepper, rice, salt, soy sauce, spring onion",Non-Veg
Egg Curry,"eggs, garlic, ginger, oil, onion, spices, tomato",Non-Veg
Rajma,"chicken, green chili, mushroom, oil, palak, rajma",Veg
Chole,"butter, capsicum, ginger, lemon juice, mushroom, onion",Veg
Mix Veg Curry,"butter, chicken, garlic, paneer, pasta, pepper, potato, soy sauce",Veg
Egg Fried Rice,"eggs, oil, pepper, rice, salt, soy sauce, spring onion",Non-Veg
Matar Paneer,"butter, egg, lemon juice, mayonnaise, pepper, rajma, tomato, yogurt",Non-Veg
Fish Curry,"butter, garlic, paneer, rajma, rice, soy sauce, yogurt",Non-Veg
Mutton Rogan Josh,"bread, chicken, chole, mushroom, mustard seeds, rajma, salt, soy sauce",Non-Veg
Fish Curry,"bread, curd, mushroom, pepper, rice, salt",Non-Veg
Vegetable Pulao,"capsicum, garlic, green chili, spices, tomato",Veg
Fish Curry,"lemon juice, onion, poha, rajma, salt, soy sauce",Non-Veg
Chicken Curry,"chicken, garlic, ginger, oil, onion, salt, spices, tomato",Non-Veg
Chicken Soup,"capsicum, curd, eggs, mayonnaise, paneer, potato, rajma, spices",Non-Veg
Chicken Noodles,"butter, capsicum, curd, mustard seeds, potato",Non-Veg
Palak Paneer,"garlic, onion, palak, paneer, salt, spices",Veg
Prawn Masala,"chicken, oil, rice, salt, spices",Non-Veg
Grilled Veggie Wrap,"chicken, curd, eggs, garlic, paneer, poha",Non-Veg
Butter Chicken,"chicken, egg, ginger, paneer, pasta",Non-Veg
Bhindi Fry,"bread, eggs, onion, pepper, rice, spices, yogurt",Non-Veg
Fish Curry,"butter, chole, eggs, lemon juice, mayonnaise",Non-Veg
Fish Fry,"butter, egg, lemon juice, paneer, pepper, rajma, rice, soy sauce",Non-Veg
Chicken Cutlet,"bread, egg, mushroom, oil, poha",Non-Veg
Paneer Bhurji,"green chili, oil, onion, paneer, salt, spices, tomato",Veg
Upma,"bread, ginger, oil, palak, pasta, yogurt",Veg
Fish Curry,"chicken, garlic, mustard seeds, onion, paneer, pasta, tomato, yogurt",Non-Veg
Tomato Soup,"butter, garlic, onion, pepper, salt, tomato",Veg
Egg Curry,"eggs, garlic, ginger, oil, onion, spices, tomato",Non-Veg
Chicken Curry,"chicken, garlic, ginger, oil, onion, salt, spices, tomato",Non-Veg
Dal Tadka,"butter, capsicum, garlic, lemon juice, mushroom, onion, pepper, rice",Veg
Bhindi Fry,"bread, pepper, salt, spices, tomato",Veg
Chicken Cutlet,"butter, chicken, lemon juice, mayonnaise, mustard seeds, tomato",Non-Veg
Chicken Curry,"chicken, garlic, ginger, oil, onion, salt, spices, tomato",Non-Veg
Fish Curry,"chicken, eggs, lemon juice, onion, palak, poha, rajma, rice",Non-Veg
Butter Chicken,"eggs, palak, pepper, spices, tomato",Non-Veg
Fish Fry,"garlic, mayonnaise, oil, palak, salt",Non-Veg
Chicken Biryani,"biryani masala, chicken, onion, rice, spices, yogurt",Non-Veg
Fish Curry,"capsicum, ginger, rice, soy sauce, spices, yogurt",Non-Veg
Keema Pav,"capsicum, curd, garlic, mushroom, rajma",Non-Veg
Fish Curry,"onion, palak, poha, rajma, soy sauce, yogurt",Non-Veg
Cheese Sandwich,"bread, egg, eggs, green chili, palak, potato, rajma, yogurt",Non-Veg
Vegetable Pasta,"capsicum, oil, onion, pasta, pepper, salt, tomato",Veg
Fish Curry,"capsicum, chicken, curd, palak, potato, rice, yogurt",Non-Veg
Keema Pav,"butter, egg, mayonnaise, mushroom, spices, yogurt",Non-Veg
Keema Pav,"curd, egg, eggs, ginger, mustard seeds, potato, rice, yogurt",Non-Veg
Fish Fry,"capsicum, curd, garlic, mushroom, oil, pasta, rice, spices",Non-Veg
Tomato Soup,"butter, garlic, onion, pepper, salt, tomato",Veg
Egg Sandwich,"bread, eggs, mayonnaise, pepper, salt",Non-Veg
Grilled Veggie Wrap,"eggs, mayonnaise, pepper, poha, soy sauce, tomato",Non-Veg
Egg Sandwich,"bread, eggs, mayonnaise, pepper, salt",Non-Veg
Chicken Biryani,"biryani masala, chicken, onion, rice, spices, yogurt",Non-Veg
Mix Veg Curry,"egg, garlic, ginger, lemon juice, mushroom, soy sauce, spices",Non-Veg
Chicken Curry,"chicken, garlic, ginger, oil, onion, salt, spices, tomato",Non-Veg
Chicken Biryani,"biryani masala, chicken, onion, rice, spices, yogurt",Non-Veg
Mutton Rogan Josh,"bread, butter, garlic, lemon juice, paneer, potato, rajma",Non-Veg
Mutton Rogan Josh,"mushroom, oil, palak, poha, salt, soy sauce, tomato, yogurt",Non-Veg
Chicken Biryani,"biryani masala, chicken, onion, rice, spices, yogurt",Non-Veg
Veg Biryani,"ginger, green chili, lemon juice, mushroom, mustard seeds, palak, paneer, yogurt",Veg
Veg Biryani,"curd, eggs, lemon juice, onion, paneer, salt, yogurt",Non-Veg
Mix Veg Curry,"egg, lemon juice, oil, palak, paneer, pasta",Non-Veg
Palak Paneer,"garlic, onion, palak, paneer, salt, spices",Veg
Matar Paneer,"butter, mustard seeds, oil, onion, palak, pepper",Veg
Egg Bhurji,"bread, chole, garlic, paneer, pepper, tomato",Non-Veg
Chicken Cutlet,"bread, mushroom, onion, palak, pasta, poha, soy sauce, yogurt",Non-Veg
Upma,"chole, onion, pepper, poha, rice",Veg
Tomato Soup,"butter, garlic, onion, pepper, salt, tomato",Veg
Vegetable Pulao,"butter, mustard seeds, potato, rice, soy sauce",Veg
Fish Fry,"chicken, green chili, poha, rice, soy sauce, yogurt",Non-Veg
Fish Curry,"capsicum, chicken, chole, curd, ginger, green chili, mushroom, salt",Non-Veg
Mushroom Rice,"garlic, mushroom, oil, onion, pepper, rice, salt",Veg
Chicken Cutlet,"garlic, onion, palak, pepper, rajma, rice",Non-Veg
Chicken Noodles,"chole, eggs, garlic, lemon juice, mushroom, mustard seeds, pepper, yogurt",Non-Veg
Bhindi Fry,"butter, chole, egg, garlic, paneer",Non-Veg
Chicken Cutlet,"bread, green chili, mushroom, mustard seeds, rice, soy sauce, yogurt",Non-Veg
Poha,"curry leaves, green chili, lemon juice, mustard seeds, onion, poha, salt",Veg
Upma,"butter, egg, lemon juice, oil, palak, rice, soy sauce, yogurt",Non-Veg
Aloo Paratha,"chicken, chole, mayonnaise, potato, rajma",Veg
Aloo Paratha,"butter, lemon juice, mayonnaise, salt, yogurt",Veg
Cheese Sandwich,"bread, butter, chicken, paneer, poha, salt, soy sauce, yogurt",Veg
Chicken Noodles,"chole, green chili, mustard seeds, oil, palak, spices, tomato",Non-Veg
Chicken Noodles,"butter, egg, paneer, pasta, salt, soy sauce, yogurt",Non-Veg
Egg Sandwich,"bread, eggs, mayonnaise, pepper, salt",Non-Veg
Egg Curry,"eggs, garlic, ginger, oil, onion, spices, tomato",Non-Veg
Fish Curry,"egg, garlic, green chili, lemon juice, mushroom, onion, pepper, yogurt",Non-Veg
Chicken Soup,"capsicum, garlic, palak, salt, soy sauce, tomato",Non-Veg
Chicken Cutlet,"bread, chicken, curd, eggs, ginger, green chili, palak",Non-Veg
Grilled Veggie Wrap,"capsicum, curd, garlic, green chili, mayonnaise, salt",Veg
Chicken Biryani,"biryani masala, chicken, onion, rice, spices, yogurt",Non-Veg
Paneer Bhurji,"green chili, oil, onion, paneer, salt, spices, tomato",Veg
Poha,"curry leaves, green chili, lemon juice, mustard seeds, onion, poha, salt",Veg
Chicken Noodles,"bread, egg, mushroom, mustard seeds, rice, yogurt",Non-Veg
Tomato Soup,"butter, garlic, onion, pepper, salt, tomato",Veg
Veg Biryani,"butter, eggs, garlic, ginger, onion, potato, soy sauce, spices",Non-Veg
Fish Curry,"capsicum, ginger, lemon juice, mushroom, pepper, yogurt",Non-Veg
Fish Fry,"capsicum, lemon juice, onion, rajma, rice, salt, tomato",Non-Veg
Chicken Biryani,"biryani masala, chicken, onion, rice, spices, yogurt",Non-Veg
Egg Bhurji,"chole, curd, eggs, lemon juice, mayonnaise, palak, poha",Non-Veg
Chicken Noodles,"chicken, curd, ginger, paneer, pasta, rajma, salt, yogurt",Non-Veg
Keema Pav,"bread, chole, curd, garlic, green chili, paneer, potato, rice",Non-Veg
Poha,"curry leaves, green chili, lemon juice, mustard seeds, onion, poha, salt",Veg
Chicken Cutlet,"bread, eggs, green chili, onion, poha, rice, tomato",Non-Veg
Egg Sandwich,"bread, eggs, mayonnaise, pepper, salt",Non-Veg
Matar Paneer,"egg, green chili, mushroom, palak, salt, soy sauce",Non-Veg
Cheese Sandwich,"eggs, ginger, mayonnaise, mushroom, oil, potato, rice, soy sauce",Non-Veg
Egg Curry,"eggs, garlic, ginger, oil, onion, spices, tomato",Non-Veg
Butter Chicken,"bread, egg, garlic, ginger, lemon juice, palak, tomato",Non-Veg
Chicken Soup,"butter, chicken, ginger, onion, pasta, spices",Non-Veg
Chicken Biryani,"biryani masala, chicken, onion, rice, spices, yogurt",Non-Veg
Keema Pav,"mushroom, mustard seeds, pepper, rice, salt, soy sauce",Non-Veg
Rajma,"chole, egg, garlic, rajma, soy sauce",Non-Veg
Chicken Soup,"capsicum, chole, lemon juice, mustard seeds, pasta, tomato",Non-Veg
Egg Curry,"eggs, garlic, ginger, oil, onion, spices, tomato",Non-Veg
Chicken Cutlet,"bread, butter, mayonnaise, paneer, pasta",Non-Veg
Cheese Sandwich,"bread, capsicum, curd, mayonnaise, mushroom, pasta",Veg
Paneer Bhurji,"green chili, oil, onion, paneer, salt, spices, tomato",Veg
Egg Sandwich,"bread, eggs, mayonnaise, pepper, salt",Non-Veg
Keema Pav,"curd, onion, pepper, salt, spices, tomato",Non-Veg
Matar Paneer,"curd, egg, mayonnaise, soy sauce, tomato, yogurt",Non-Veg
Egg Fried Rice,"eggs, oil, pepper, rice, salt, soy sauce, spring onion",Non-Veg
Tomato Soup,"butter, garlic, onion, pepper, salt, tomato",Veg
Mutton Rogan Josh,"butter, mayonnaise, mustard seeds, potato, soy sauce",Non-Veg
Aloo Paratha,"curd, egg, green chili, potato, soy sauce",Non-Veg
Dal Tadka,"butter, capsicum, ginger, mustard seeds, pasta, pepper, soy sauce",Veg
Prawn Masala,"curd, garlic, mushroom, onion, rice, salt",Non-Veg
Rajma,"chicken, curd, paneer, pepper, rice, soy sauce",Veg
Mix Veg Curry,"egg, eggs, green chili, mushroom, oil, onion, tomato, yogurt",Non-Veg
Poha,"curry leaves, green chili, lemon juice, mustard seeds, onion, poha, salt",Veg
Vegetable Pasta,"capsicum, oil, onion, pasta, pepper, salt, tomato",Veg
Mix Veg Curry,"bread, butter, chole, garlic, rajma, spices",Veg
Chicken Biryani,"biryani masala, chicken, onion, rice, spices, yogurt",Non-Veg
Poha,"curry leaves, green chili, lemon juice, mustard seeds, onion, poha, salt",Veg
Dal Tadka,"chicken, garlic, ginger, mayonnaise, paneer, yogurt",Veg
Butter Chicken,"chicken, garlic, pasta, rajma, yogurt",Non-Veg
Fish Curry,"chicken, chole, eggs, ginger, lemon juice, spices, yogurt",Non-Veg
Matar Paneer,"capsicum, garlic, lemon juice, palak, potato, rice, salt, spices",Veg
Egg Sandwich,"bread, eggs, mayonnaise, pepper, salt",Non-Veg
Vegetable Pasta,"capsicum, oil, onion, pasta, pepper, salt, tomato",Veg
Tomato Soup,"butter, garlic, onion, pepper, salt, tomato",Veg
Aloo Paratha,"bread, curd, eggs, garlic, green chili, tomato",Non-Veg
Upma,"capsicum, chole, lemon juice, paneer, poha, rajma, salt",Veg
Butter Chicken,"bread, chicken, chole, curd, onion, pasta",Non-Veg
Egg Bhurji,"butter, chole, curd, mayonnaise, mustard seeds, pepper",Non-Veg
Egg Sandwich,"bread, eggs, mayonnaise, pepper, salt",Non-Veg
Egg Fried Rice,"eggs, oil, pepper, rice, salt, soy sauce, spring onion",Non-Veg
Chicken Curry,"chicken, garlic, ginger, oil, onion, salt, spices, tomato",Non-Veg
Chicken Biryani,"biryani masala, chicken, onion, rice, spices, yogurt",Non-Veg
Chicken Curry,"chicken, garlic, ginger, oil, onion, salt, spices, tomato",Non-Veg
Egg Sandwich,"bread, eggs, mayonnaise, pepper, salt",Non-Veg
Egg Fried Rice,"eggs, oil, pepper, rice, salt, soy sauce, spring onion",Non-Veg
Prawn Masala,"chicken, eggs, green chili, oil, pepper, rice, tomato",Non-Veg
Mushroom Rice,"garlic, mushroom, oil, onion, pepper, rice, salt",Veg
Palak Paneer,"garlic, onion, palak, paneer, salt, spices",Veg
Cheese Sandwich,"eggs, mustard seeds, onion, poha, potato, yogurt",Non-Veg
Chicken Noodles,"ginger, lemon juice, mushroom, mustard seeds, onion, rajma, spices, tomato",Non-Veg
Chicken Soup,"egg, palak, paneer, pepper, rajma, soy sauce, yogurt",Non-Veg
Chicken Soup,"chole, garlic, mayonnaise, onion, palak, pasta, potato, rajma",Non-Veg
Rajma,"bread, capsicum, chole, mustard seeds, oil, tomato, yogurt",Veg
Chicken Biryani,"biryani masala, chicken, onion, rice, spices, yogurt",Non-Veg
Chicken Noodles,"bread, chicken, egg, poha, rice, salt, soy sauce",Non-Veg
Keema Pav,"curd, eggs, mayonnaise, mushroom, palak, pepper, rajma",Non-Veg
Veg Biryani,"bread, butter, chole, garlic, mustard seeds, potato, rajma, spices",Veg
Egg Sandwich,"bread, eggs, mayonnaise, pepper, salt",Non-Veg
Chicken Noodles,"butter, eggs, garlic, mayonnaise, palak, rajma, soy sauce, tomato",Non-Veg
Chicken Cutlet,"butter, chole, curd, egg, green chili, mushroom, poha, soy sauce",Non-Veg
Chicken Biryani,"biryani masala, chicken, onion, rice, spices, yogurt",Non-Veg
Egg Sandwich,"bread, eggs, mayonnaise, pepper, salt",Non-Veg
Egg Sandwich,"bread, eggs, mayonnaise, pepper, salt",Non-Veg
Egg Sandwich,"bread, eggs, mayonnaise, pepper, salt",Non-Veg
Rajma,"butter, chicken, eggs, mustard seeds, pasta",Non-Veg
Dal Tadka,"eggs, green chili, lemon juice, mushroom, onion, pepper, potato, salt",Non-Veg
Vegetable Pulao,"bread, butter, mayonnaise, mushroom, onion, paneer, pasta, rice",Veg
Mushroom Rice,"garlic, mushroom, oil, onion, pepper, rice, salt",Veg
Mix Veg Curry,"eggs, onion, pasta, pepper, soy sauce",Non-Veg
Egg Curry,"eggs, garlic, ginger, oil, onion, spices, tomato",Non-Veg
Keema Pav,"butter, chole, egg, mustard seeds, tomato, yogurt",Non-Veg
Mix Veg Curry,"butter, ginger, lemon juice, poha, potato, yogurt",Veg
Paneer Bhurji,"green chili, oil, onion, paneer, salt, spices, tomato",Veg
Chole,"chicken, green chili, lemon juice, onion, pepper, tomato",Veg
Palak Paneer,"garlic, onion, palak, paneer, salt, spices",Veg
Mutton Rogan Josh,"butter, chicken, green chili, lemon juice, mushroom, spices",Non-Veg
Vegetable Pulao,"egg, garlic, green chili, palak, rice",Non-Veg
Poha,"curry leaves, green chili, lemon juice, mustard seeds, onion, poha, salt",Veg
Paneer Bhurji,"green chili, oil, onion, paneer, salt, spices, tomato",Veg
Egg Sandwich,"bread, eggs, mayonnaise, pepper, salt",Non-Veg
Keema Pav,"butter, chicken, chole, paneer, poha, potato, yogurt",Non-Veg
Chicken Soup,"chole, egg, ginger, rajma, rice, soy sauce",Non-Veg
Chicken Cutlet,"bread, eggs, lemon juice, mayonnaise, potato, rajma, rice, spices",Non-Veg
Vegetable Pulao,"bread, butter, chole, egg, lemon juice, onion, pasta, potato",Non-Veg
Keema Pav,"curd, green chili, mayonnaise, rajma, spices, tomato",Non-Veg
Egg Curry,"eggs, garlic, ginger, oil, onion, spices, tomato",Non-Veg
Poha,"curry leaves, green chili, lemon juice, mustard seeds, onion, poha, salt",Veg
Mutton Rogan Josh,"bread, curd, lemon juice, mushroom, potato",Non-Veg
Keema Pav,"ginger, lemon juice, mayonnaise, mushroom, poha",Non-Veg
Fish Curry,"chicken, curd, mayonnaise, poha, spices, yogurt",Non-Veg
Grilled Veggie Wrap,"curd, mushroom, pepper, rice, salt, spices",Veg
Veg Biryani,"chicken, eggs, mushroom, pasta, rice",Non-Veg
Grilled Veggie Wrap,"chole, egg, eggs, lemon juice, mayonnaise, pepper, soy sauce, spices",Non-Veg
Grilled Veggie Wrap,"egg, mushroom, oil, onion, pepper, rajma, salt",Non-Veg
Matar Paneer,"bread, curd, egg, mushroom, oil, palak, paneer",Non-Veg
Mutton Rogan Josh,"capsicum, ginger, green chili, lemon juice, mustard seeds, salt",Non-Veg
Chicken Soup,"bread, chicken, chole, ginger, onion, rice",Non-Veg
Poha,"curry leaves, green chili, lemon juice, mustard seeds, onion, poha, salt",Veg
Bhindi Fry,"bread, mayonnaise, mustard seeds, onion, potato",Veg
Mutton Rogan Josh,"chicken, chole, egg, oil, poha, tomato, yogurt",Non-Veg
Dal Tadka,"ginger, palak, paneer, pepper, poha, rice, tomato",Veg
Bhindi Fry,"eggs, green chili, pasta, pepper, potato, salt, soy sauce, yogurt",Non-Veg
Upma,"ginger, green chili, pepper, potato, rajma, tomato",Veg
Chicken Noodles,"capsicum, chicken, ginger, mushroom, mustard seeds, palak, rajma, salt",Non-Veg
Chicken Soup,"butter, capsicum, chole, garlic, palak, rice, spices",Non-Veg
Fish Curry,"butter, mushroom, oil, spices, tomato",Non-Veg
Chicken Cutlet,"curd, egg, lemon juice, mayonnaise, salt, spices",Non-Veg
Aloo Paratha,"chole, garlic, mushroom, oil, pepper, rice, salt, yogurt",Veg
Veg Biryani,"chole, egg, garlic, palak, pasta, potato, soy sauce",Non-Veg
Keema Pav,"egg, lemon juice, pasta, poha, rajma, rice",Non-Veg
Chicken Soup,"egg, garlic, ginger, green chili, paneer, rajma, tomato, yogurt",Non-Veg
Poha,"curry leaves, green chili, lemon juice, mustard seeds, onion, poha, salt",Veg
Matar Paneer,"mayonnaise, mushroom, mustard seeds, rajma, soy sauce",Veg
Vegetable Pasta,"capsicum, oil, onion, pasta, pepper, salt, tomato",Veg
Egg Curry,"eggs, garlic, ginger, oil, onion, spices, tomato",Non-Veg
Chicken Curry,"chicken, garlic, ginger, oil, onion, salt, spices, tomato",Non-Veg
Chicken Soup,"chicken, chole, egg, garlic, pasta, yogurt",Non-Veg
Butter Chicken,"capsicum, egg, eggs, garlic, mustard seeds, paneer, pepper, spices",Non-Veg
Aloo Paratha,"chicken, mayonnaise, mushroom, mustard seeds, poha, soy sauce",Veg
Grilled Veggie Wrap,"bread, butter, capsicum, curd, lemon juice, mustard seeds, rajma",Veg
Fish Curry,"bread, butter, paneer, potato, soy sauce",Non-Veg
Vegetable Pulao,"capsicum, chicken, eggs, mustard seeds, paneer, poha, spices, yogurt",Non-Veg
Egg Sandwich,"bread, eggs, mayonnaise, pepper, salt",Non-Veg
Mix Veg Curry,"capsicum, mustard seeds, rajma, spices, yogurt",Veg
Poha,"curry leaves, green chili, lemon juice, mustard seeds, onion, poha, salt",Veg
Egg Bhurji,"chicken, chole, curd, egg, mushroom, pepper, tomato",Non-Veg
Aloo Paratha,"capsicum, chicken, egg, onion, pepper, rice",Non-Veg
Fish Fry,"green chili, paneer, pepper, poha, salt",Non-Veg
Aloo Paratha,"chicken, green chili, lemon juice, mayonnaise, poha, rajma, rice",Veg
Keema Pav,"chicken, onion, paneer, rajma, soy sauce, tomato",Non-Veg
Keema Pav,"bread, capsicum, egg, green chili, mayonnaise, yogurt",Non-Veg
Dal Tadka,"capsicum, lemon juice, mayonnaise, pepper, spices, yogurt",Veg
Chicken Cutlet,"butter, chole, ginger, mustard seeds, pepper, potato, soy sauce, tomato",Non-Veg
Chicken Biryani,"biryani masala, chicken, onion, rice, spices, yogurt",Non-Veg
Butter Chicken,"bread, lemon juice, mayonnaise, pasta, poha",Non-Veg
Matar Paneer,"eggs, lemon juice, oil, palak, potato, rice",Non-Veg
Egg Fried Rice,"eggs, oil, pepper, rice, salt, soy sauce, spring onion",Non-Veg
Chicken Cutlet,"bread, butter, mayonnaise, mustard seeds, poha",Non-Veg
Egg Curry,"eggs, garlic, ginger, oil, onion, spices, tomato",Non-Veg
Grilled Veggie Wrap,"bread, eggs, ginger, green chili, lemon juice, onion, pasta",Non-Veg
Mushroom Rice,"garlic, mushroom, oil, onion, pepper, rice, salt",Veg
Mutton Rogan Josh,"curd, mustard seeds, poha, potato, salt, spices",Non-Veg
Vegetable Pasta,"capsicum, oil, onion, pasta, pepper, salt, tomato",Veg
Chicken Biryani,"biryani masala, chicken, onion, rice, spices, yogurt",Non-Veg
Matar Paneer,"capsicum, mushroom, pepper, poha, soy sauce, tomato",Veg
Egg Fried Rice,"eggs, oil, pepper, rice, salt, soy sauce, spring onion",Non-Veg
Chicken Biryani,"biryani masala, chicken, onion, rice, spices, yogurt",Non-Veg
Prawn Masala,"bread, capsicum, eggs, garlic, mustard seeds, oil, paneer, rice",Non-Veg
Bhindi Fry,"butter, chicken, garlic, oil, pasta, pepper, salt, yogurt",Veg
Paneer Bhurji,"green chili, oil, onion, paneer, salt, spices, tomato",Veg
Palak Paneer,"garlic, onion, palak, paneer, salt, spices",Veg
Palak Paneer,"garlic, onion, palak, paneer, salt, spices",Veg
Vegetable Pulao,"chole, curd, ginger, mayonnaise, pasta, poha, spices",Veg
Upma,"ginger, lemon juice, mustard seeds, poha, soy sauce, spices",Veg
Fish Fry,"eggs, ginger, lemon juice, pasta, potato, rice, tomato",Non-Veg
Mushroom Rice,"garlic, mushroom, oil, onion, pepper, rice, salt",Veg
Egg Fried Rice,"eggs, oil, pepper, rice, salt, soy sauce, spring onion",Non-Veg
Egg Bhurji,"eggs, garlic, lemon juice, mustard seeds, poha, rajma, soy sauce",Non-Veg
Rajma,"butter, chicken, green chili, lemon juice, rajma, rice",Veg
Butter Chicken,"butter, curd, paneer, pepper, salt, yogurt",Non-Veg
Chole,"capsicum, chicken, garlic, ginger, green chili, onion, potato, yogurt",Veg
Egg Curry,"eggs, garlic, ginger, oil, onion, spices, tomato",Non-Veg
Mushroom Rice,"garlic, mushroom, oil, onion, pepper, rice, salt",Veg
Vegetable Pasta,"capsicum, oil, onion, pasta, pepper, salt, tomato",Veg
Veg Biryani,"butter, chicken, palak, rajma, spices",Veg
Cheese Sandwich,"ginger, paneer, pasta, pepper, potato, rice",Veg
Chicken Noodles,"chole, egg, green chili, poha, salt",Non-Veg
Mix Veg Curry,"butter, eggs, ginger, mushroom, poha",Non-Veg
Egg Curry,"eggs, garlic, ginger, oil, onion, spices, tomato",Non-Veg
Paneer Bhurji,"green chili, oil, onion, paneer, salt, spices, tomato",Veg
Prawn Masala,"bread, butter, green chili, lemon juice, pasta, potato, soy sauce",Non-Veg
Prawn Masala,"bread, chicken, eggs, garlic, lemon juice, mushroom",Non-Veg
Palak Paneer,"garlic, onion, palak, paneer, salt, spices",Veg
Butter Chicken,"ginger, lemon juice, mayonnaise, poha, rice",Non-Veg
Bhindi Fry,"butter, chole, garlic, lemon juice, potato, rajma, salt, soy sauce",Veg
Tomato Soup,"butter, garlic, onion, pepper, salt, tomato",Veg
Egg Sandwich,"bread, eggs, mayonnaise, pepper, salt",Non-Veg
Fish Curry,"curd, egg, mushroom, onion, potato, rajma, tomato",Non-Veg
Egg Bhurji,"butter, ginger, mayonnaise, mustard seeds, oil, onion",Non-Veg
Prawn Masala,"butter, curd, green chili, oil, onion, palak, poha",Non-Veg
Tomato Soup,"butter, garlic, onion, pepper, salt, tomato",Veg
Egg Sandwich,"bread, eggs, mayonnaise, pepper, salt",Non-Veg
Mushroom Rice,"garlic, mushroom, oil, onion, pepper, rice, salt",Veg
Egg Curry,"eggs, garlic, ginger, oil, onion, spices, tomato",Non-Veg
Chicken Noodles,"garlic, ginger, lemon juice, mushroom, mustard seeds, pepper, poha, rice",Non-Veg
Keema Pav,"capsicum, garlic, lemon juice, mushroom, onion, rice, soy sauce",Non-Veg
Matar Paneer,"garlic, mayonnaise, palak, pasta, pepper",Veg
Cheese Sandwich,"butter, lemon juice, oil, onion, paneer, poha, potato, rice",Veg
Vegetable Pasta,"capsicum, oil, onion, pasta, pepper, salt, tomato",Veg
Egg Bhurji,"bread, capsicum, garlic, oil, poha",Non-Veg
Prawn Masala,"chicken, ginger, mustard seeds, potato, rajma, spices",Non-Veg
Grilled Veggie Wrap,"curd, egg, mushroom, onion, pepper, potato, spices",Non-Veg
Chole,"bread, butter, chicken, green chili, mayonnaise, mustard seeds, paneer, poha",Veg
Egg Bhurji,"butter, mayonnaise, oil, palak, tomato",Non-Veg
Tomato Soup,"butter, garlic, onion, pepper, salt, tomato",Veg
Dal Tadka,"capsicum, chole, eggs, onion, paneer, rajma, tomato, yogurt",Non-Veg
Chole,"curd, egg, garlic, oil, palak, poha, potato, spices",Non-Veg
Chole,"chicken, chole, oil, palak, pasta",Veg
Prawn Masala,"bread, garlic, lemon juice, onion, palak, rice, salt",Non-Veg
Grilled Veggie Wrap,"capsicum, chole, paneer, poha, rice, tomato, yogurt",Veg
Egg Curry,"eggs, garlic, ginger, oil, onion, spices, tomato",Non-Veg
Aloo Paratha,"chole, egg, onion, pepper, potato",Non-Veg
Dal Tadka,"chicken, eggs, pasta, poha, yogurt",Non-Veg
Rajma,"capsicum, chole, curd, mayonnaise, mustard seeds, onion, pasta, rice",Veg
Egg Sandwich,"bread, eggs, mayonnaise, pepper, salt",Non-Veg
Mutton Rogan Josh,"eggs, mushroom, mustard seeds, potato, soy sauce",Non-Veg
Upma,"bread, capsicum, garlic, lemon juice, mustard seeds, palak, potato, soy sauce",Veg
Chicken Curry,"chicken, garlic, ginger, oil, onion, salt, spices, tomato",Non-Veg
Mushroom Rice,"garlic, mushroom, oil, onion, pepper, rice, salt",Veg
Grilled Veggie Wrap,"green chili, mayonnaise, mushroom, rajma, salt, spices",Veg
Aloo Paratha,"butter, paneer, pepper, potato, tomato, yogurt",Veg
Chicken Soup,"chicken, egg, ginger, lemon juice, mayonnaise, mushroom, paneer, tomato",Non-Veg
Upma,"chicken, chole, green chili, oil, pasta, pepper, rice, yogurt",Veg
Palak Paneer,"garlic, onion, palak, paneer, salt, spices",Veg
Prawn Masala,"capsicum, curd, eggs, paneer, pasta, poha",Non-Veg
Vegetable Pasta,"capsicum, oil, onion, pasta, pepper, salt, tomato",Veg
Chicken Biryani,"biryani masala, chicken, onion, rice, spices, yogurt",Non-Veg
Dal Tadka,"capsicum, eggs, green chili, pasta, pepper, yogurt",Non-Veg
Bhindi Fry,"chicken, eggs, green chili, palak, rajma, salt, spices, tomato",Non-Veg
Vegetable Pasta,"capsicum, oil, onion, pasta, pepper, salt, tomato",Veg
Bhindi Fry,"chicken, chole, ginger, lemon juice, mayonnaise, onion, rajma",Veg
Mix Veg Curry,"butter, eggs, mushroom, mustard seeds, palak, spices",Non-Veg
Upma,"capsicum, chole, mushroom, oil, rajma",Veg
Prawn Masala,"egg, garlic, green chili, mayonnaise, pasta, poha, rajma, salt",Non-Veg
Keema Pav,"chicken, curd, ginger, mayonnaise, palak, pepper",Non-Veg
Fish Curry,"butter, chole, paneer, salt, spices, tomato",Non-Veg
Bhindi Fry,"bread, chole, curd, poha, spices",Veg
Poha,"curry leaves, green chili, lemon juice, mustard seeds, onion, poha, salt",Veg
Chicken Curry,"chicken, garlic, ginger, oil, onion, salt, spices, tomato",Non-Veg
Prawn Masala,"curd, ginger, lemon juice, poha, rice, tomato",Non-Veg
Palak Paneer,"garlic, onion, palak, paneer, salt, spices",Veg
Bhindi Fry,"capsicum, chole, curd, palak, spices",Veg
Mushroom Rice,"garlic, mushroom, oil, onion, pepper, rice, salt",Veg
Vegetable Pasta,"capsicum, oil, onion, pasta, pepper, salt, tomato",Veg
Poha,"curry leaves, green chili, lemon juice, mustard seeds, onion, poha, salt",Veg
Egg Fried Rice,"eggs, oil, pepper, rice, salt, soy sauce, spring onion",Non-Veg
Mushroom Rice,"garlic, mushroom, oil, onion, pepper, rice, salt",Veg
Rajma,"curd, egg, ginger, lemon juice, mushroom, pasta",Non-Veg
Vegetable Pasta,"capsicum, oil, onion, pasta, pepper, salt, tomato",Veg
Egg Curry,"eggs, garlic, ginger, oil, onion, spices, tomato",Non-Veg
Rajma,"bread, green chili, palak, pepper, rajma, spices",Veg
Keema Pav,"bread, lemon juice, oil, pepper, potato, rajma, salt, spices",Non-Veg
Egg Sandwich,"bread, eggs, mayonnaise, pepper, salt",Non-Veg
Cheese Sandwich,"mustard seeds, potato, salt, soy sauce, spices",Veg
Butter Chicken,"chicken, egg, ginger, onion, paneer, pepper",Non-Veg
Chicken Noodles,"butter, paneer, pasta, poha, potato",Non-Veg
Chicken Cutlet,"chicken, chole, curd, ginger, paneer, pepper, potato, spices",Non-Veg
Butter Chicken,"butter, eggs, ginger, lemon juice, onion",Non-Veg
Aloo Paratha,"garlic, palak, pepper, potato, soy sauce",Veg
Matar Paneer,"bread, mustard seeds, pasta, rice, tomato",Veg
Chole,"bread, chicken, chole, green chili, yogurt",Veg
Chicken Noodles,"garlic, oil, paneer, pepper, yogurt",Non-Veg
Cheese Sandwich,"capsicum, green chili, lemon juice, mushroom, mustard seeds, poha, potato, soy sauce",Veg
Vegetable Pulao,"chole, curd, lemon juice, oil, rajma, soy sauce, spices",Veg
Egg Sandwich,"bread, eggs, mayonnaise, pepper, salt",Non-Veg
Aloo Paratha,"eggs, green chili, palak, pepper, soy sauce, spices, yogurt",Non-Veg
Chicken Curry,"chicken, garlic, ginger, oil, onion, salt, spices, tomato",Non-Veg
Matar Paneer,"egg, eggs, lemon juice, mayonnaise, mustard seeds, potato, yogurt",Non-Veg
Egg Curry,"eggs, garlic, ginger, oil, onion, spices, tomato",Non-Veg
Chicken Cutlet,"mushroom, mustard seeds, palak, paneer, tomato",Non-Veg
Vegetable Pasta,"capsicum, oil, onion, pasta, pepper, salt, tomato",Veg
Chicken Biryani,"biryani masala, chicken, onion, rice, spices, yogurt",Non-Veg
Chicken Curry,"chicken, garlic, ginger, oil, onion, salt, spices, tomato",Non-Veg
Prawn Masala,"bread, ginger, green chili, mayonnaise, pepper, potato, rice, spices",Non-Veg
Chole,"chicken, eggs, ginger, mushroom, pasta, potato, rajma",Non-Veg
Keema Pav,"curd, garlic, ginger, mayonnaise, palak, spices, tomato",Non-Veg
Mushroom Rice,"garlic, mushroom, oil, onion, pepper, rice, salt",Veg
Chicken Curry,"chicken, garlic, ginger, oil, onion, salt, spices, tomato",Non-Veg
Rajma,"capsicum, chicken, chole, eggs, rice, salt, soy sauce",Non-Veg
Palak Paneer,"garlic, onion, palak, paneer, salt, spices",Veg
Egg Fried Rice,"eggs, oil, pepper, rice, salt, soy sauce, spring onion",Non-Veg
Egg Bhurji,"egg, eggs, poha, tomato, yogurt",Non-Veg
Mushroom Rice,"garlic, mushroom, oil, onion, pepper, rice, salt",Veg
Chicken Curry,"chicken, garlic, ginger, oil, onion, salt, spices, tomato",Non-Veg
Butter Chicken,"chicken, chole, green chili, potato, tomato",Non-Veg
Prawn Masala,"bread, butter, chole, ginger, green chili, lemon juice, mushroom",Non-Veg
Chicken Soup,"chicken, chole, egg, ginger, mayonnaise, oil, onion",Non-Veg
Fish Curry,"chole, curd, lemon juice, onion, pasta",Non-Veg
Chicken Soup,"butter, capsicum, chicken, green chili, palak, pasta",Non-Veg
Palak Paneer,"garlic, onion, palak, paneer, salt, spices",Veg
Egg Sandwich,"bread, eggs, mayonnaise, pepper, salt",Non-Veg
Egg Sandwich,"bread, eggs, mayonnaise, pepper, salt",Non-Veg
Mutton Rogan Josh,"butter, chicken, paneer, poha, yogurt",Non-Veg
Rajma,"chicken, pasta, pepper, rice, yogurt",Veg
Chicken Biryani,"biryani masala, chicken, onion, rice, spices, yogurt",Non-Veg
Matar Paneer,"garlic, lemon juice, mustard seeds, palak, poha",Veg
Mutton Rogan Josh,"bread, chole, ginger, lemon juice, mustard seeds, paneer",Non-Veg
Egg Sandwich,"bread, eggs, mayonnaise, pepper, salt",Non-Veg
Bhindi Fry,"capsicum, mayonnaise, mushroom, palak, paneer, poha, rice, yogurt",Veg
Grilled Veggie Wrap,"chole, lemon juice, mayonnaise, mushroom, oil, onion, rajma, rice",Veg
Grilled Veggie Wrap,"bread, eggs, ginger, mushroom, pasta, rice",Non-Veg
Egg Curry,"eggs, garlic, ginger, oil, onion, spices, tomato",Non-Veg
Butter Chicken,"curd, palak, pasta, rajma, yogurt",Non-Veg
Paneer Bhurji,"green chili, oil, onion, paneer, salt, spices, tomato",Veg
Chicken Biryani,"biryani masala, chicken, onion, rice, spices, yogurt",Non-Veg
Vegetable Pasta,"capsicum, oil, onion, pasta, pepper, salt, tomato",Veg
Veg Biryani,"curd, egg, pepper, rajma, soy sauce",Non-Veg
Vegetable Pasta,"capsicum, oil, onion, pasta, pepper, salt, tomato",Veg
Vegetable Pasta,"capsicum, oil, onion, pasta, pepper, salt, tomato",Veg
Chicken Noodles,"lemon juice, mustard seeds, palak, pepper, rajma, rice, spices, tomato",Non-Veg
Chicken Cutlet,"mayonnaise, oil, pasta, spices, tomato",Non-Veg
Egg Bhurji,"curd, green chili, oil, onion, paneer, poha, potato",Non-Veg
Palak Paneer,"garlic, onion, palak, paneer, salt, spices",Veg
Chicken Curry,"chicken, garlic, ginger, oil, onion, salt, spices, tomato",Non-Veg
Chicken Cutlet,"butter, capsicum, egg, lemon juice, mayonnaise, mushroom, mustard seeds",Non-Veg
Mutton Rogan Josh,"capsicum, eggs, garlic, ginger, mustard seeds, paneer, rajma",Non-Veg
Prawn Masala,"curd, lemon juice, mayonnaise, pasta, soy sauce, yogurt",Non-Veg
Fish Fry,"chicken, garlic, oil, paneer, salt, tomato",Non-Veg
Palak Paneer,"garlic, onion, palak, paneer, salt, spices",Veg
Butter Chicken,"chicken, egg, palak, pasta, yogurt",Non-Veg
Mushroom Rice,"garlic, mushroom, oil, onion, pepper, rice, salt",Veg
Fish Curry,"capsicum, mayonnaise, mushroom, mustard seeds, palak, potato, salt",Non-Veg
Palak Paneer,"garlic, onion, palak, paneer, salt, spices",Veg
Chicken Soup,"chole, curd, lemon juice, mushroom, mustard seeds, onion, palak, soy sauce",Non-Veg
Vegetable Pulao,"ginger, lemon juice, palak, poha, tomato, yogurt",Veg
Mutton Rogan Josh,"chicken, curd, lemon juice, mustard seeds, potato, rajma, rice",Non-Veg
Upma,"curd, pasta, pepper, potato, soy sauce, tomato",Veg
Aloo Paratha,"chicken, curd, ginger, palak, paneer, rajma, rice, spices",Veg
Butter Chicken,"eggs, green chili, onion, palak, poha, rajma, soy sauce",Non-Veg
Chole,"butter, chicken, eggs, onion, paneer, potato",Non-Veg
Poha,"curry leaves, green chili, lemon juice, mustard seeds, onion, poha, salt",Veg
Chicken Noodles,"curd, garlic, ginger, mayonnaise, oil, potato, rice",Non-Veg
Paneer Bhurji,"green chili, oil, onion, paneer, salt, spices, tomato",Veg
Prawn Masala,"capsicum, chole, garlic, onion, pasta, rice, yogurt",Non-Veg
Dal Tadka,"bread, chicken, rice, salt, yogurt",Veg
Vegetable Pasta,"capsicum, oil, onion, pasta, pepper, salt, tomato",Veg
Paneer Bhurji,"green chili, oil, onion, paneer, salt, spices, tomato",Veg
Dal Tadka,"bread, butter, chole, garlic, mushroom",Veg
